1,Aarav,Sharma,aarav1@gmail.com,Mumbai,India,2026-02-18 21:56:42.707263
2,Vivaan,Patel,vivaan2@gmail.com,Delhi,India,2026-02-18 21:56:42.707263
3,Aditya,Verma,aditya3@gmail.com,Pune,India,2026-02-18 21:56:42.707263
4,Vihaan,Reddy,vihaan4@gmail.com,Hyderabad,India,2026-02-18 21:56:42.707263
5,Arjun,Singh,arjun5@gmail.com,Bangalore,India,2026-02-18 21:56:42.707263
6,Sai,Nair,sai6@gmail.com,Chennai,India,2026-02-18 21:56:42.707263
7,Krishna,Mehta,krishna7@gmail.com,Ahmedabad,India,2026-02-18 21:56:42.707263
8,Ishaan,Gupta,ishaan8@gmail.com,Kolkata,India,2026-02-18 21:56:42.707263
9,Kabir,Joshi,kabir9@gmail.com,Jaipur,India,2026-02-18 21:56:42.707263
10,Rohan,Kumar,rohan10@gmail.com,Lucknow,India,2026-02-18 21:56:42.707263
11,Aryan,Desai,aryan11@gmail.com,Surat,India,2026-02-18 21:56:42.707263
12,Rahul,Yadav,rahul12@gmail.com,Nagpur,India,2026-02-18 21:56:42.707263
13,Karan,Mishra,karan13@gmail.com,Indore,India,2026-02-18 21:56:42.707263
14,Nikhil,Bansal,nikhil14@gmail.com,Bhopal,India,2026-02-18 21:56:42.707263
15,Manav,Saxena,manav15@gmail.com,Patna,India,2026-02-18 21:56:42.707263
16,Dhruv,Agarwal,dhruv16@gmail.com,Chandigarh,India,2026-02-18 21:56:42.707263
17,Yash,Chopra,yash17@gmail.com,Noida,India,2026-02-18 21:56:42.707263
18,Harsh,Kapoor,harsh18@gmail.com,Gurgaon,India,2026-02-18 21:56:42.707263
19,Tanish,Malhotra,tanish19@gmail.com,Kanpur,India,2026-02-18 21:56:42.707263
20,Aniket,Kulkarni,aniket20@gmail.com,Nashik,India,2026-02-18 21:56:42.707263
21,Ayaan,Khan,ayaan21@gmail.com,Mumbai,India,2026-02-18 21:56:42.707263
22,Reyansh,Malik,reyansh22@gmail.com,Delhi,India,2026-02-18 21:56:42.707263
23,Shaurya,Tiwari,shaurya23@gmail.com,Pune,India,2026-02-18 21:56:42.707263
24,Atharv,Jain,atharv24@gmail.com,Hyderabad,India,2026-02-18 21:56:42.707263
25,Parth,Chauhan,parth25@gmail.com,Bangalore,India,2026-02-18 21:56:42.707263
26,Rudra,Thakur,rudra26@gmail.com,Chennai,India,2026-02-18 21:56:42.707263
27,Laksh,Arora,laksh27@gmail.com,Ahmedabad,India,2026-02-18 21:56:42.707263
28,Dev,Soni,dev28@gmail.com,Kolkata,India,2026-02-18 21:56:42.707263
29,Om,Pandey,om29@gmail.com,Jaipur,India,2026-02-18 21:56:42.707263
30,Shivansh,Dubey,shivansh30@gmail.com,Lucknow,India,2026-02-18 21:56:42.707263
31,Ved,Goyal,ved31@gmail.com,Surat,India,2026-02-18 21:56:42.707263
32,Pranav,Bhat,pranav32@gmail.com,Nagpur,India,2026-02-18 21:56:42.707263
33,Aarush,Shetty,aarush33@gmail.com,Indore,India,2026-02-18 21:56:42.707263
34,Krish,Rastogi,krish34@gmail.com,Bhopal,India,2026-02-18 21:56:42.707263
35,Ayush,Rawat,ayush35@gmail.com,Patna,India,2026-02-18 21:56:42.707263
36,Ritik,Solanki,ritik36@gmail.com,Chandigarh,India,2026-02-18 21:56:42.707263
37,Varun,Bora,varun37@gmail.com,Noida,India,2026-02-18 21:56:42.707263
38,Siddharth,Pillai,siddharth38@gmail.com,Gurgaon,India,2026-02-18 21:56:42.707263
39,Yuvraj,Chaudhary,yuvraj39@gmail.com,Kanpur,India,2026-02-18 21:56:42.707263
40,Arnav,Kohli,arnav40@gmail.com,Nashik,India,2026-02-18 21:56:42.707263
41,Ansh,Tripathi,ansh41@gmail.com,Mumbai,India,2026-02-18 21:56:42.707263
42,Keshav,Lal,keshav42@gmail.com,Delhi,India,2026-02-18 21:56:42.707263
43,Tejas,Kulshrestha,tejas43@gmail.com,Pune,India,2026-02-18 21:56:42.707263
44,Harshit,Tomar,harshit44@gmail.com,Hyderabad,India,2026-02-18 21:56:42.707263
45,Rishabh,Bedi,rishabh45@gmail.com,Bangalore,India,2026-02-18 21:56:42.707263
46,Darsh,Bhattacharya,darsh46@gmail.com,Chennai,India,2026-02-18 21:56:42.707263
47,Amit,Vyas,amit47@gmail.com,Ahmedabad,India,2026-02-18 21:56:42.707263
48,Neel,Shukla,neel48@gmail.com,Kolkata,India,2026-02-18 21:56:42.707263
49,Samar,Nanda,samar49@gmail.com,Jaipur,India,2026-02-18 21:56:42.707263
50,Tanmay,Kamble,tanmay50@gmail.com,Lucknow,India,2026-02-18 21:56:42.707263
51,Mohit,Srivastava,mohit51@gmail.com,Surat,India,2026-02-18 21:56:42.707263
52,Deepak,Menon,deepak52@gmail.com,Nagpur,India,2026-02-18 21:56:42.707263
53,Abhishek,Rana,abhishek53@gmail.com,Indore,India,2026-02-18 21:56:42.707263
54,Mayank,Pathak,mayank54@gmail.com,Bhopal,India,2026-02-18 21:56:42.707263
55,Vikas,Bhardwaj,vikas55@gmail.com,Patna,India,2026-02-18 21:56:42.707263
56,Sandeep,Chatterjee,sandeep56@gmail.com,Chandigarh,India,2026-02-18 21:56:42.707263
57,Rajat,Narang,rajat57@gmail.com,Noida,India,2026-02-18 21:56:42.707263
58,Gaurav,Seth,gaurav58@gmail.com,Gurgaon,India,2026-02-18 21:56:42.707263
59,Kunal,Acharya,kunal59@gmail.com,Kanpur,India,2026-02-18 21:56:42.707263
60,Ravi,Kulkarni,ravi60@gmail.com,Nashik,India,2026-02-18 21:56:42.707263
61,Akash,Joshi,akash61@gmail.com,Mumbai,India,2026-02-18 21:56:42.707263
62,Suraj,Yogi,suraj62@gmail.com,Delhi,India,2026-02-18 21:56:42.707263
63,Nitin,Prasad,nitin63@gmail.com,Pune,India,2026-02-18 21:56:42.707263
64,Hemant,Khatri,hemant64@gmail.com,Hyderabad,India,2026-02-18 21:56:42.707263
65,Manish,Sawant,manish65@gmail.com,Bangalore,India,2026-02-18 21:56:42.707263
66,Ajay,Purohit,ajay66@gmail.com,Chennai,India,2026-02-18 21:56:42.707263
67,Ramesh,Mahajan,ramesh67@gmail.com,Ahmedabad,India,2026-02-18 21:56:42.707263
68,Vivek,Dixit,vivek68@gmail.com,Kolkata,India,2026-02-18 21:56:42.707263
69,Anuj,Bajaj,anuj69@gmail.com,Jaipur,India,2026-02-18 21:56:42.707263
70,Pratik,Sharma,pratik70@gmail.com,Lucknow,India,2026-02-18 21:56:42.707263
71,Sahil,Kapoor,sahil71@gmail.com,Surat,India,2026-02-18 21:56:42.707263
72,Tushar,Garg,tushar72@gmail.com,Nagpur,India,2026-02-18 21:56:42.707263
73,Adarsh,Mittal,adarsh73@gmail.com,Indore,India,2026-02-18 21:56:42.707263
74,Bhavesh,Parekh,bhavesh74@gmail.com,Bhopal,India,2026-02-18 21:56:42.707263
75,Lokesh,Jadhav,lokesh75@gmail.com,Patna,India,2026-02-18 21:56:42.707263
76,Pankaj,Sahu,pankaj76@gmail.com,Chandigarh,India,2026-02-18 21:56:42.707263
77,Chetan,Naidu,chetan77@gmail.com,Noida,India,2026-02-18 21:56:42.707263
78,Rohit,Bisht,rohit78@gmail.com,Gurgaon,India,2026-02-18 21:56:42.707263
79,Alok,Reddy,alok79@gmail.com,Kanpur,India,2026-02-18 21:56:42.707263
80,Sagar,Iyer,sagar80@gmail.com,Nashik,India,2026-02-18 21:56:42.707263
81,Vinay,Deshmukh,vinay81@gmail.com,Mumbai,India,2026-02-18 21:56:42.707263
82,Abhay,Rajput,abhay82@gmail.com,Delhi,India,2026-02-18 21:56:42.707263
83,Shreyas,Kulkarni,shreyas83@gmail.com,Pune,India,2026-02-18 21:56:42.707263
84,Uday,Shinde,uday84@gmail.com,Hyderabad,India,2026-02-18 21:56:42.707263
85,Naveen,Bhandari,naveen85@gmail.com,Bangalore,India,2026-02-18 21:56:42.707263
86,Pradeep,Choudhary,pradeep86@gmail.com,Chennai,India,2026-02-18 21:56:42.707263
87,Rohit,Mohan,rohit87@gmail.com,Ahmedabad,India,2026-02-18 21:56:42.707263
88,Arpit,Tandon,arpit88@gmail.com,Kolkata,India,2026-02-18 21:56:42.707263
89,Anmol,Verma,anmol89@gmail.com,Jaipur,India,2026-02-18 21:56:42.707263
90,Kartik,Sinha,kartik90@gmail.com,Lucknow,India,2026-02-18 21:56:42.707263
91,Yatin,Mehra,yatin91@gmail.com,Surat,India,2026-02-18 21:56:42.707263
92,Nilesh,More,nilesh92@gmail.com,Nagpur,India,2026-02-18 21:56:42.707263
93,Harendra,Chawla,harendra93@gmail.com,Indore,India,2026-02-18 21:56:42.707263
94,Suresh,Kapadia,suresh94@gmail.com,Bhopal,India,2026-02-18 21:56:42.707263
95,Mahesh,Kale,mahesh95@gmail.com,Patna,India,2026-02-18 21:56:42.707263
96,Ganesh,Rao,ganesh96@gmail.com,Chandigarh,India,2026-02-18 21:56:42.707263
97,Prashant,Singh,prashant97@gmail.com,Noida,India,2026-02-18 21:56:42.707263
98,Dinesh,Yadav,dinesh98@gmail.com,Gurgaon,India,2026-02-18 21:56:42.707263
99,Raghav,Kapoor,raghav99@gmail.com,Kanpur,India,2026-02-18 21:56:42.707263
100,Aakash,Bose,aakash100@gmail.com,Nashik,India,2026-02-18 21:56:42.707263
